loading,signature
0.17557694443370306,1-Asphalt Road
0.34165034191348587,2-Grass
0.23532984953749922,3-Tree
0.08157110877737347,4-Roof
0.03210778281772674,5-Metal
0.13376397252005748,6-Dirt
