skin	ovary	breast	liver	lung	stomach	
0.6598995089550482	0.9356380326703445	1.0591276536368264	0.9630581285735906	0.9658022616014454	0.8210317531291653	
45.123466440628235	28.32278538934328	47.239283887002216	33.40611210977117	123.3775527134874	41.916338927766965	