skin-none	skin-contaminated	skin-overdispersed	skin-perturbed	ovary-none	ovary-contaminated	ovary-overdispersed	ovary-perturbed	breast-none	breast-contaminated	breast-overdispersed	breast-perturbed	liver-none	liver-contaminated	liver-overdispersed	liver-perturbed	lung-none	lung-contaminated	lung-overdispersed	lung-perturbed	stomach-none	stomach-contaminated	stomach-overdispersed	stomach-perturbed	breast_custom-none	breast_custom-contaminated	breast_custom-overdispersed	breast_custom-perturbed	
0.9369206608463494	0.936923426389817	0.9369253448758764	0.9369221374197257	1.033974791711093	1.0340194799358198	1.033517864624828	1.0338667422192125	1.0746846946884019	1.0748903868515884	1.0747259365900521	1.0745032413369495	0.965310152914352	0.9653420118889403	0.9652428707791654	0.9652778467266878	0.9379314356415387	0.9379318463685521	0.9379380538515217	0.9379526528006159	0.8225873953610163	0.8234125037921011	0.8229892254875927	0.8252601300498645	1.0832716700801324	1.0832863227589276	1.0834687067873274	1.0833237989224866	
381.8898926511806	381.96422252492414	382.02477712264806	381.92995937442515	46.63173062970637	46.63282641058149	46.62105736886035	46.62909109694206	47.607351438242404	47.61218416888529	47.60831678851929	47.60447516295924	32.039628245985924	32.021166436630025	32.078671814814655	32.058360457757004	109.81321010686699	109.81663247511409	109.87688162861873	110.0182348439631	41.7214837572469	41.94519865014864	41.86704196007396	42.49506780599538	47.808541265858366	47.813222388098204	47.81313812745766	47.80977622058846	